"Reference","Qty","Value","DNP","Exclude from BOM","Exclude from Board","Exclude from Simulation","Exclude from Position Files","Footprint","Datasheet"
"C1","1","100n","","","","","${EXCLUDE_FROM_POS_FILES}","Capacitor_THT:C_Disc_D3.0mm_W1.6mm_P2.50mm",""
"J1","1","GY-33 (GND DR CT VCC)","","","","","${EXCLUDE_FROM_POS_FILES}","Connector_JST:JST_PH_S4B-PH-K_1x04_P2.00mm_Horizontal",""
"J2","1","Speaker 8R","","","","","${EXCLUDE_FROM_POS_FILES}","Connector_JST:JST_PH_S2B-PH-K_1x02_P2.00mm_Horizontal",""
"J3","1","Wake button SW1","","","","","${EXCLUDE_FROM_POS_FILES}","Connector_JST:JST_PH_S2B-PH-K_1x02_P2.00mm_Horizontal",""
"J4","1","LiPo 3.7V (+ -)","","","","","${EXCLUDE_FROM_POS_FILES}","Connector_JST:JST_PH_S2B-PH-K_1x02_P2.00mm_Horizontal",""
"J5","1","XIAO BAT+ BAT- link","","","","","${EXCLUDE_FROM_POS_FILES}","Connector_PinHeader_2.54mm:PinHeader_1x02_P2.54mm_Vertical",""
"Q1,Q2","2","AO3400","","","","","${EXCLUDE_FROM_POS_FILES}","iwand:AO3400_SOT23_Adapter",""
"R1,R3","2","100","","","","","${EXCLUDE_FROM_POS_FILES}","Resistor_THT:R_Axial_DIN0207_L6.3mm_D2.5mm_P7.62mm_Horizontal",""
"R2,R4","2","10k","","","","","${EXCLUDE_FROM_POS_FILES}","Resistor_THT:R_Axial_DIN0207_L6.3mm_D2.5mm_P7.62mm_Horizontal",""
"R5,R6","2","1M","","","","","${EXCLUDE_FROM_POS_FILES}","Resistor_THT:R_Axial_DIN0207_L6.3mm_D2.5mm_P7.62mm_Horizontal",""
"SW2","1","Power","","","","","${EXCLUDE_FROM_POS_FILES}","Button_Switch_THT:SW_Slide_SPDT_Angled_CK_OS102011MA1Q",""
"U1","1","XIAO ESP32-S3","","","","","${EXCLUDE_FROM_POS_FILES}","iwand:XIAO_ESP32S3_Socket",""
"U3","1","DFPlayer Mini","","","","","${EXCLUDE_FROM_POS_FILES}","iwand:DFPlayer_Mini_Socket",""
